{"epoch": 0, "loss": 0.2201442893133277}
{"epoch": 1, "loss": 0.09837762581678677}
{"epoch": 2, "loss": 0.06840238574588177}
{"epoch": 3, "loss": 0.054452581834238095}
{"epoch": 4, "loss": 0.04477453090259995}
{"epoch": 5, "loss": 0.035068748530640334}
{"epoch": 6, "loss": 0.03200430252128376}
{"epoch": 7, "loss": 0.02789881901369275}
{"epoch": 8, "loss": 0.0250164703125127}
{"epoch": 9, "loss": 0.021644031322370347}
